"Sku","Name","Qty","Rev","Rows","Ops"
"HEALTH001","KOTTUR Крем воск от трещин с секретом мягкости, 100 мл","16510","1357340","7","ОтчетДавальцу2_5"
"SM0099","Semily Сыворотка для лица с витамином С и экстрактом юзду для сияния кожи C-VIT SERUM , 30 мл","12077","679777","1","ОтчетДавальцу2_5"
"SK024","SOKOLOV Румяна для лица Fatal, 20 мл","9997","1563056","2","ОтчетДавальцу2_5"
"SK023","SOKOLOV Румяна для лица Charming, 20 мл","9952","1489619","2","ОтчетДавальцу2_5"
"MILL007","MILLIMO  Маска для волос, 300 мл","9920","1005986","8","ОтчетДавальцу2_5"
"SK027","SOKOLOV Румяна для лица Wild, 20 мл","7874","1207755","2","ОтчетДавальцу2_5"
"SK028","SOKOLOV Румяна для лица Posh, 20 мл","7557","1243126","2","ОтчетДавальцу2_5"
"SK031","SOKOLOV Мягкий крем-гель для умывания Pure Luxury Cleansing Gel, 150 мл","7404","842599","3","ОтчетДавальцу2_5"
"PAC00323","Туба BTF0558 BEAT MY AGE Омолаживающий мезо пилинг-скатка, D 35 мм, высота 120 мм, объем 75 мл","6910","6117","1","РеализацияКлиенту"
"PAC00363","Флакон ПНД 1000 мл В.1000/535 Оранжевый 2.043.РЕ ""Hi Repair ШАМПУНЬ""","6357","6565","1","РеализацияКлиенту"
"SM0100","Semily Крем для лица с витамином С и экстрактом юзду для сияния кожи C-VIT CREAM, 50 мл","6110","290025","1","ОтчетДавальцу2_5"
"KN060_D","KÖNNER ДСИЗ Паста-скраб с натуральным абразивом для очистки кожи рук и тела ""KÖNNER GROSS"" , 200 мл","5500","368500","1","РеализацияКлиенту"
"JELAI002","JELAI Масло для тела с шиммером SILVER AURORA, 30 мл","4938","262321","1","ОтчетДавальцу2_5"
"BEST020","BESTLAND Двухфазный спрей для тела с SPF30, 200 мл","4662","759142","1","ОтчетДавальцу2_5"
"SM001","Semily Спрей ароматический, 150 мл","3841","202440","2","ОтчетДавальцу2_5"
"SM0097","Semily Гель для умывания с витамином С и экстрактом юзду для сияния кожи С-VIT CLEANSING GEL, 200 мл","3701","247087","1","ОтчетДавальцу2_5"
"SM0101","Semily Несмываемый крем-гель для сияния кожи лица VIT-C GEL CREAM, 50 мл","3694","151969","1","ОтчетДавальцу2_5"
"PAC00365","Флакон ПНД 1000 мл В.1000/535 Сиреневый 6.052.РЕ ""Hi Volume КОНДИЦИОНЕР""","3430","3542","1","РеализацияКлиенту"
"FLAX001","FLEX Сыворотка с SPF Serum, 30 мл","2879","496746","3","ОтчетДавальцу2_5"
"KM004","Кудрявый метод Крем для кудрявых волос, 300 мл","2117","1016338","28","РеализацияКлиенту"
"KM010","Кудрявый метод Кастард ""Фиксация-увлажнение"" для кудрявых волос, 250 мл","1621","690255","25","РеализацияКлиенту"
"ZWSS006","ZEITUN Лосьон-автозагар постепенного действия ""Ритуал Солнца"" 200 мл","1618","991416","14","РеализацияКлиенту"
"KM026","Кудрявый метод Шампунь для кудрявых волос Сакура, 475 мл","1426","662156","27","РеализацияКлиенту"
"KM028","Кудрявый метод Гель для укладки кудрявых волос Сакура, 300 мл","1393","622592","30","РеализацияКлиенту"
"KM003","Кудрявый метод Гель для укладки кудрявых волос, 300 мл","1322","552098","25","РеализацияКлиенту"
"KM005","Кудрявый метод Фиксирующая пенка для кудрявых волос, 150 мл","1303","508523","29","РеализацияКлиенту"
"Z1430","ZEITUN Масло для тела ""Розовое золото"", 100 мл","1265","776717","16","РеализацияКлиенту"
"KM014","Кудрявый метод Пенка уверенной фиксации для кудрявых волос, 150 мл","1255","549024","24","РеализацияКлиенту"
"KM001","Кудрявый метод Шампунь для кудрявых волос, 475 мл","1242","544303","27","РеализацияКлиенту"
"KM027","Кудрявый метод Кондиционер для кудрявых волос Сакура, 475 мл","1228","590908","36","РеализацияКлиенту"
"KM013","Кудрявый метод Текстурирующий спрей для объема кудрявых волос, 150 мл","1099","463388","26","РеализацияКлиенту"
"KM002","Кудрявый метод Кондиционер для кудрявых волос, 475 мл","1072","476247","23","РеализацияКлиенту"
"BTF0285","BEAUTIFIC HYDRATE ME SO Фиксатор для макияжа, 50 мл","1056","181009","11","РеализацияКлиенту"
"KN054_D","KÖNNER ДСИЗ Защитный крем для кожи рук и лица ""KÖNNER MULTI"", 100 мл","1000","36000","1","РеализацияКлиенту"
"ZWRV008","ZEITUN Масло для тела ""Ритуал восстановления"". Мерцающее с аргановым маслом. 100мл.","935","533691","50","РеализацияКлиенту"
"Z6402","ZEITUN Дезодорант ""Дамасская роза"". Минеральный, шариковый. С коллоидным серебром, 50мл.","730","105841","12","РеализацияКлиенту"
"Z1431","ZEITUN Масло для тела ""Белое золото"", 100 мл","724","467884","13","РеализацияКлиенту"
"KM011","Кудрявый метод Маска-водоросли увлажняющая для кудрявых волос, 250 мл","714","337586","18","РеализацияКлиенту"
"Z0290","ZEITUN Парфюмированный мист с шиммером Limited Collection ""Gorgeous Peony"", 150 мл","549","270750","16","РеализацияКлиенту"
"ZWSE004","ZEITUN Крем для тела ""Ритуал соблазна"". Чувственный с жасмином и натуральным афродизиаком, 200мл.","524","185340","42","РеализацияКлиенту"
"Z6405","ZEITUN Дезодорант ""Цитрус"". Минеральный, шариковый. С коллоидным серебром, 50 мл.","508","68908","4","РеализацияКлиенту"
"KN053","KÖNNER ДСИЗ: Защитный крем для кожи рук и лица  гидрофильного действия ""KÖNNER TECHNO"", 100мл","500","25000","1","РеализацияКлиенту"
"ZWRV010","ZEITUN Шампунь для поврежденных волос ""Ритуал восстановления""С аргановым маслом и кератином, 250мл.","481","72812","6","РеализацияКлиенту"
"Z6270","ZEITUN Тоник для лица LULU. Энергетический и pH-балансирующий для тусклой кожи, 200 мл","470","72607","9","РеализацияКлиенту"
"Z2923","ZEITUN Wedding Day Тоник для лица, 200 мл","450","59016","2","РеализацияКлиенту"
"KM012","Кудрявый метод Шампунь-крем для кудрявых волос, 300 мл","445","179120","17","РеализацияКлиенту"
"Z2934","ZEITUN Wedding Day Скраб для тела, 250 мл","434","162380","38","РеализацияКлиенту"
"ZWSS002","ZEITUN Масло для усиления загара ""Ритуал Солнца"" 200 мл","425","222079","12","РеализацияКлиенту"
"HS213","SEKTA BARBER Моделирующий крем для мягкого контроля и подвижной формы, 100 мл","412","16851","1","ОтчетДавальцу2_5"
"Z6222","ZEITUN Крем-совершенство LULU для идеального тона лица, 50 мл","404","96492","3","РеализацияКлиенту"
"Z2619","ZEITUN Пудра рассыпчатая №1 (светлая) минеральная, натуральная, 50 мл NEW","398","65246","1","РеализацияКлиенту"
"BTF0252","BEAUTIFIC Лосьон для постепенного загара для тела, 150 мл","385","154375","10","РеализацияКлиенту"
"Z1705","ZEITUN Дезодорант ""Нейтральный"". Антиперспирант без запаха, 150мл.","385","60698","11","РеализацияКлиенту"
"HS217","SEKTA BARBER Матовая паста для фиксации формы, 100 мл","384","15706","1","ОтчетДавальцу2_5"
"SK026","SOKOLOV Румяна для лица Extraordinary, 20 мл","383","59883","1","ОтчетДавальцу2_5"
"ZWRV003","ZEITUN Молочко для тела ""Ритуал восстановления"". Сияющее с аргановым маслом, 200мл.","366","169241","27","РеализацияКлиенту"
"ZWSE003","ZEITUN Молочко для тела ""Ритуал соблазна"". Сияющее с жасмином и натуральным афродизиаком, 200мл.","350","155506","41","РеализацияКлиенту"
"ZWRV011","ZEITUN Бальзам-кондиционер для поврежденных волос ""Ритуал восстановления"", 250мл.","342","61920","9","РеализацияКлиенту"
"KM030","Кудрявый метод Гель сильной фиксации для укладки кудрявых волос, 300 мл","342","183880","13","РеализацияКлиенту"
"Z6268","ZEITUN Тоник для лица SAIDA. Восстанавливающий для зрелой кожи с 24К золотом, 200мл.","341","55371","8","РеализацияКлиенту"
"Z6403","ZEITUN Дезодорант ""Голубой лотос"". Минеральный, шариковый. С коллоидным серебром, 50мл.","338","92169","19","РеализацияКлиенту"
"Z1702","ZEITUN Дезодорант ""Дамасская Роза"". Антиперспирант, 150мл.","336","46737","6","РеализацияКлиенту"
"Z6272","ZEITUN Тоник для лица MASDAR. Увлажняющий с гиалуроновой кислотой для всех типов кожи, 200 мл","318","52990","11","РеализацияКлиенту"
"KM077","КУДРЯВЫЙ МЕТОД Маска-водоросли увлажняющая для кудрявых волос, 250 мл","288","132950","7","РеализацияКлиенту"
"Z2620","ZEITUN Пудра рассыпчатая №2 (нейтральная) минеральная, натуральная, 50 мл NEW","288","47213","1","РеализацияКлиенту"
"Z0441","ZEITUN Молочко для тела «Сказочный закат Марокко», 200 мл","280","45357","5","РеализацияКлиенту"
"ZWIN001","ZEITUN Гель для интимной гигиены, 200 мл","275","31384","5","РеализацияКлиенту"
"Z0449","ZEITUN Мыло для рук «Загадочные сокровища Самарканда», 200 мл","274","31172","2","РеализацияКлиенту"
"ZM603","ZEITUN Мужской шампунь для волос""Sultan's charm"" «Стимулирующий», 250 мл","273","99808","9","РеализацияКлиенту"
"P1017","I LOVE MY PET Крем для лап и носа, 100 г","270","19918","1","РеализацияКлиенту"
"P1003","I LOVE MY PET Шампунь-Кондиционер антипаразитарный для кошек, 250 г","270","25893","1","РеализацияКлиенту"
"P1013","I LOVE MY PET Пенка для мытья лап собак и кошек, 150 г","270","25894","3","РеализацияКлиенту"
"P1016","I LOVE MY PET Антипаразитарный шампунь для собак и кошек, 250 г","270","25893","1","РеализацияКлиенту"
"P1000","I LOVE MY PET Шампунь увлажняющий для короткошерстных собак, 250 г","270","25894","2","РеализацияКлиенту"
"P1054","I LOVE MY PET Шампунь увлажняющий для собак с двойным типом шерсти, 250 г","270","25894","3","РеализацияКлиенту"
"P1044","I LOVE MY PET Шампунь для собак и щенков, 250 г","270","25894","3","РеализацияКлиенту"
"ZWCA003","ZEITUN Молочко для тела ""Ритуал нежности"" с эфирным маслом дамасской розы, 200 мл","270","39837","5","РеализацияКлиенту"
"Z2927","ZEITUN Wedding Day Крем-флюид для лица, 50 мл","265","52131","2","РеализацияКлиенту"
"ZWDE003","ZEITUN Крем для тела ""Ритуал наслаждения"" с маслом карите и сладким миндалем, 200 мл","248","95252","27","РеализацияКлиенту"
"Z6404","ZEITUN Дезодорант ""Зеленый чай"". Минеральный, шариковый. С коллоидным серебром, 50мл.","246","55636","16","РеализацияКлиенту"
"Z6230","ZEITUN Флюид для лица дневной с эффектом сияния LULU (оттенок Розовое Cияние), 50 мл","229","53496","2","РеализацияКлиенту"
"ZWCA004","ZEITUN Крем для тела ""Ритуал нежности"". Насыщенный смягчающий, 200мл.","225","67597","24","РеализацияКлиенту"
"KM029","Кудрявый метод Дефинирующий крем для кудрявых волос, 300 мл","221","115063","3","РеализацияКлиенту"
"Z1067","ZEITUN Маска для лица Morning coffee, 75 мл","220","125712","8","РеализацияКлиенту"
"BTF0504","BEAUTIFIC CURL ME ON Несмываемый крем для кудрявых и волнистых волос, 150 мл","218","73775","11","РеализацияКлиенту"
"P1052","I LOVE MY PET Шампунь-кондиционер для собак и кошек с белой шерстью, 250 г","215","20619","3","РеализацияКлиенту"
"ZWDE001","ZEITUN Масло для душа и ванны ""Ритуал наслаждения"" Питающее со сладким миндалем и карите, 200мл.","208","92991","22","РеализацияКлиенту"
"Z4373","ZEITUN Масло для роста волос с усьмой, 100 мл","207","69355","3","РеализацияКлиенту"
"Z4371","ZEITUN Фито-шампунь для роста волос с маслом усьмы, 250 мл.","202","57809","4","РеализацияКлиенту"
"KM034","Кудрявый метод NEUTRAL Фиксирующая пенка для кудрявых волос, 150 мл","201","95247","8","РеализацияКлиенту"
"Z6224","ZEITUN Бальзам для лица ночной омолаживающий SAIDA Для зрелой кожи с 24К золотом и арганой, 50мл.","200","61158","5","РеализацияКлиенту"
"Z0432","ZEITUN Легкосмываемое масло ""Активатор роста волос"". С амлой и маслом бей, 100мл.","198","66132","2","РеализацияКлиенту"
"BTF0059","BEAUTIFIC Мусс для тела TAN KISSED. Тонирующий, в оттенке dark, 150ml","196","101949","13","РеализацияКлиенту"
"ZWSS003","ZEITUN Молочко после загара ""Ритуал Солнца"", 200 мл","196","69110","16","РеализацияКлиенту"
"Z4374","ZEITUN Фито-шампунь укрепляющий против выпадения волос с маслом черного тмина, 250 мл.","195","55729","7","РеализацияКлиенту"
"BTF0058","BEAUTIFIC Тонирующий мусс-автобронзант для тела Medium INSTA SUN,150 мл.","184","103522","9","РеализацияКлиенту"
"Z1204","ZEITUN Марокканское мыло Бельди ""Герань и Грейпфрут"" с лифтинг-эффектом, 250мл.","184","92056","9","РеализацияКлиенту"
"Z1206","ZEITUN Целительное марокканское мыло Бельди ""Черный тмин"" для всех типов кожи, 250 мл","184","91784","8","РеализацияКлиенту"
"BTF0150","BEAUTIFIC Шелковое масло для интенсивного загара Sun Snap, 150мл","183","98841","7","РеализацияКлиенту"
"Z6401","ZEITUN Дезодорант ""Нейтральный"", шариковый, без запаха. Для чувствительной кожи, 50 мл.","182","41329","20","РеализацияКлиенту"
"ZM605","ZEITUN Масло для бороды и усов увлажняющее ""Sultan's charm"", 30 мл","181","69708","8","РеализацияКлиенту"
"Z3330","ZEITUN Масло Усьмы косметическое натуральное, 10 мл.","180","80093","27","РеализацияКлиенту"
"ZM604","ZEITUN Мужской гель для душа ""Sultan's charm"" «Тонизирующий», 250 мл","180","60035","4","РеализацияКлиенту"
"ZWPU011","ZEITUN Дезодорант ""Голубой лотос"". Минеральный спрей-антиперспирант, 150мл.","179","45343","19","РеализацияКлиенту"
"Z0287","ZEITUN Скраб для тела Limited Collection ""Gorgeous Peony"", 250 мл","178","75512","20","РеализацияКлиенту"
"KM054","Кудрявый метод Набор ""Зачарованные кудри"": Кудрявый метод Шампунь для кудрявых волос 100мл; Кудрявый метод Кондиционер для кудрявых волос 100мл; Кудря","176","196320","12","РеализацияКлиенту"
"P1005","I LOVE MY PET Ликвидатор органических запахов и пятен от животных, 500 г","175","19365","1","РеализацияКлиенту"
"Z2207","ZEITUN Нежная детская пенка 2 в 1: для очищения волос и тела, 250 мл","172","32903","8","РеализацияКлиенту"
"ZWIN002","ZEITUN Освежающий гель для интимной гигиены, 200 мл","172","32969","21","РеализацияКлиенту"
"ZWSE010","ZEITUN Масло массажное ""Ритуал соблазна"", 110мл.","171","68634","33","РеализацияКлиенту"
"Z0260","ZEITUN Питательный крем-баттер для тела против растяжек, 200 мл","171","62878","11","РеализацияКлиенту"
"ZM402","ZEITUN Масло для бороды и усов питательное, 30 мл","168","61028","7","РеализацияКлиенту"
"BTF0500","BEAUTIFIC CURL ME ON Увлажняющий шампунь для кудрявых и волнистых волос, 250 мл","168","52006","10","РеализацияКлиенту"
"KM032","Кудрявый метод NEUTRAL Кондиционер для кудрявых волос, 475 мл","159","87245","8","РеализацияКлиенту"
"Z4375","ZEITUN Фито-маска укрепляющая против выпадения волос с маслом черного тмина, 250 мл","155","34726","12","РеализацияКлиенту"
"ZWSE011","ZEITUN Спрей ароматический ""Ритуал соблазна"", 110 мл","155","47884","14","РеализацияКлиенту"
"ZWEN002","ZEITUN Спрей-кондиционер для объема тонких волос ""Ритуал энергии"", 200мл.","153","25858","6","РеализацияКлиенту"
"Z2914","ZEITUN Глиняная маска Рассул Wedding Day","149","104416","17","РеализацияКлиенту"
"BTF0412","BEAUTIFIC Гель-скраб глубоко очищающий для умывания PURIFIER, 150 мл","146","41477","9","РеализацияКлиенту"
"Z0436","ZEITUN Легкосмываемое масло ""Борьба с выпадением волос"". С черным тмином и хельбой, 100мл.","144","32790","3","РеализацияКлиенту"
"ZWFR008","ZEITUN Скраб для кожи головы пенный ""Ритуал свежести"", 200мл.","138","24885","4","РеализацияКлиенту"
"ZWPR010","ZEITUN Маска для волос с эффектом ламинирования ""Ритуал совершенства"", 200мл.","137","20647","5","РеализацияКлиенту"
"BTF0132","BEAUTIFIC Спрей для создания пляжных локонов Beach Vibes.С морской солью и кератином,150мл.","131","35498","11","РеализацияКлиенту"
"ZM204","ZEITUN Гель для душа и умывания очищающий для мужчин. Для лица и бороды, 100мл.","130","43666","7","РеализацияКлиенту"
"Z2931","ZEITUN Wedding Day Молочко для тела, 200 мл","127","45649","25","РеализацияКлиенту"
"ZWSE001","ZEITUN Масло для душа и ванны ""Ритуал соблазна"" с жасмином и натуральным афродизиаком, 200 мл","123","60767","20","РеализацияКлиенту"
"KM059","КУДРЯВЫЙ МЕТОД Гель-смузи для кудрявой укладки с UV-фильтрами ""Бразильский банан"", 300 мл","122","56056","4","РеализацияКлиенту"
"Z4311","ZEITUN Многофункциональная маска для волос ""Магия черного тмина"" для всех типов волос, 200 мл","121","18045","6","РеализацияКлиенту"
"KM033","Кудрявый метод NEUTRAL Гель для укладки кудрявых волос, 300 мл","120","59360","4","РеализацияКлиенту"
"BTF0501","BEAUTIFIC CURL ME ON Увлажняющий бальзам для кудрявых и волнистых волос, 250 мл","120","38932","10","РеализацияКлиенту"
"BTF0503","BEAUTIFIC ТУБА CURL ME ON Гель для укладки кудрявых и волнистых волос средней фиксации, 150 мл","119","44450","9","РеализацияКлиенту"
"KM031","Кудрявый метод NEUTRAL Шампунь для кудрявых волос, 475 мл","118","55290","8","РеализацияКлиенту"
"ZWSE012","ZEITUN Крем для рук ""Ритуал соблазна"", 50мл.","117","33192","6","РеализацияКлиенту"
"ZWPR008","ZEITUN Бальзам-кондиционер для волос с эффектом ламинирования ""Ритуал совершенства"", 250мл.","113","35105","8","РеализацияКлиенту"
"BTF0286","BEAUTIFIC GLOW FOR REAL Фиксатор для макияжа, 50 мл","112","26831","4","РеализацияКлиенту"
"KM058","КУДРЯВЫЙ МЕТОД Несмываемый кондиционер для волос с UV-фильтрами ""Бразильский банан"", 150 мл","111","31008","4","РеализацияКлиенту"
"KM086","КУДРЯВЫЙ МЕТОД Восстанавливающая маска для волос «After Sun» ""Бразильский банан"", 300 мл","110","44298","3","РеализацияКлиенту"
"ZWDE004","ZEITUN Крем-скраб для тела ""Ритуал наслаждения"" с маслом карите и сладким миндалем, 200 мл","107","46085","25","РеализацияКлиенту"
"KM060","КУДРЯВЫЙ МЕТОД Увлажняющий мист-спрей для волос с UV-фильтрами ""Бразильский банан« КУДРЯВЫЙ МЕТОД, 200 мл","106","33122","3","РеализацияКлиенту"
"KM056","КУДРЯВЫЙ МЕТОД Шампунь для кудрявых волос ""Бразильский банан"", 250 мл","104","25170","3","РеализацияКлиенту"
"KM057","КУДРЯВЫЙ МЕТОД Бальзам для кудрявых волос ""Бразильский банан"", 250 мл","104","32546","3","РеализацияКлиенту"
"Z1203","ZEITUN Бельди ""Мед и Дамасская роза"" для сухой кожи, 250мл.","104","52032","7","РеализацияКлиенту"
"Z1201","ZEITUN Традиционное марокканское мыло Бельди ""Олива"" для всех типов кожи, 250мл.","104","52031","7","РеализацияКлиенту"
"KM055","Кудрявый метод Набор ""Кудри To Go"": Кудрявый метод Шампунь для кудрявых волос 100мл; Кудрявый метод Кондиционер для кудрявых волос 100мл; Кудрявый мет","103","140176","12","РеализацияКлиенту"
"ZWPR007","ZEITUN Шампунь для волос с эффектом ламинирования ""Ритуал совершенства"", 250мл.","101","14997","4","РеализацияКлиенту"
"KM075","КУДРЯВЫЙ МЕТОД Гель с блестками для укладки  ""Сияющий Мандарин"", 250 мл","100","40148","3","РеализацияКлиенту"
"Z1001","ZEITUN Алеппское мыло премиум ""Лавандовый скраб"" 250гр.","99","39789","3","РеализацияКлиенту"
"BTF0134","BEAUTIFIC Масло Softbare Гидрофильное. Увлажняющее с маслами миндаля и манго, 150мл.","99","35764","6","РеализацияКлиенту"
"Z1707","ZEITUN Дезодорант ""Белый мускус"". Антиперспирант, 150мл.","96","28990","10","РеализацияКлиенту"
"BTF0060","BEAUTIFIC Капли для лица TAN DROPS. С эффектом загара,","96","55312","4","РеализацияКлиенту"
"ZWRV004","ZEITUN Крем для тела ""Ритуал восстановления"". Насыщенный с аргановым маслом, 200мл.","94","34545","22","РеализацияКлиенту"
"ZWRL006","ZEITUN Молочко для тела ""Ритуал Расслабления"". Лаванда и вербена, 200 мл","92","37305","15","РеализацияКлиенту"
"Z2205","ZEITUN Детское молочко увлажняющее для чувствительной кожи, 250 мл","90","26135","8","РеализацияКлиенту"
"Z1006","ZEITUN Алеппское мыло премиум ""Серное"". Для проблемной кожи. 105гр.","90","28586","3","РеализацияКлиенту"
"Z2933","ZEITUN Wedding Day Гель для душа, 250 мл","89","27695","22","РеализацияКлиенту"
"Z0445","ZEITUN Лосьон для рук и тела «Таинственные Ароматы Стамбула», 200 мл","88","40873","10","РеализацияКлиенту"
"S111","SkinLand Капли-автозагар для лица и тела SkinLand Tan Drops, 30 мл","84","11016","3","РеализацияКлиенту"
"ZM101","ZEITUN Шампунь для волос и бороды укрепляющий для мужчин. С имбирем и черным тмином, 250мл.","84","33387","7","РеализацияКлиенту"
"Z1104","ZEITUN Алеппское мыло экстра ""Укрепление корней волос"" 105гр.","84","26147","2","РеализацияКлиенту"
"BTF0293","BEAUTIFIC Энзимная пудра для тела и кожи головы, 125 г","82","25052","6","РеализацияКлиенту"
"ZM203","ZEITUN Гель для душа защитный для мужчин с маслом чайного дерева, 250 мл","81","31842","7","РеализацияКлиенту"
"ZWCA008","ZEITUN Масло массажное ""Ритуал Нежности"", 110мл.","81","34171","28","РеализацияКлиенту"
"KN057","KÖNNER ДСИЗ: Лосьон-спрей для защиты стоп при ношении закрытой обуви ""KÖNNER FUSS"", 100мл","80","7450","3","РеализацияКлиенту"
"ZM301","ZEITUN Дезодорант ""Нейтральный"". Минеральный антиперспирант для мужчин без запаха, 150 мл","79","21242","11","РеализацияКлиенту"
"BTF0400","BEAUTIFIC Шампунь для волос укрепляющий для мужчин AMPLIFIER, 250мл.","79","26060","8","РеализацияКлиенту"
"KM082","КУДРЯВЫЙ МЕТОД Бальзам оттеночный ""КАРАМЕЛЬНЫЙ"", 300 мл","78","33100","6","РеализацияКлиенту"
"KM083","КУДРЯВЫЙ МЕТОД Бальзам оттеночный ""МЕДНЫЙ"", 300 мл","78","36466","5","РеализацияКлиенту"
"KM084","КУДРЯВЫЙ МЕТОД Бальзам оттеночный ""ШОКОЛАДНЫЙ"", 300 мл","78","35900","8","РеализацияКлиенту"
"Z4372","ZEITUN Фито-маска для роста волос разогревающая с экстрактом перца, 250 мл","76","11214","2","РеализацияКлиенту"
"Z2921","ZEITUN Wedding Day Пенка для умывания, 150 мл","75","25265","13","РеализацияКлиенту"
"BTF0531","BEAUTIFIC Липидовосстанавливающий крем-эмолент для сухой и чувствительной кожи, 300 мл","73","43033","7","РеализацияКлиенту"
"Z1110","ZEITUN Алеппское мыло экстра ""Сосновый деготь"". Против акне и перхоти. 105гр.","72","20925","3","РеализацияКлиенту"
"BTF0466","BEAUTIFIC Антиперспирант-защита длительного действия от обильного потоотделения STRESS CONTROL, 50 мл","72","24846","1","РеализацияКлиенту"
"BTF0133","BEAUTIFIC Масло Porifier Гидрофильное. Для глубокого очищения с маслами черного тмина и чайного дерева, 150мл.","72","28900","5","РеализацияКлиенту"
"Z0443","ZEITUN Лосьон для рук и тела «Загадочные сокровища Самарканда», 200 мл","72","26920","6","РеализацияКлиенту"
"Z2918","ZEITUN Гидрофильное масло для умывания лица Wedding Day, 150 мл","72","33291","5","РеализацияКлиенту"
"ZWRV012","ZEITUN Маска для поврежденных волос ""Ритуал восстановления"", 200мл.","71","25375","8","РеализацияКлиенту"
"Z6254","ZEITUN Гель для умывания SAIDA Возрождающий для зрелой кожи с 24K золотом, 200мл.","71","23922","7","РеализацияКлиенту"
"Z2202","ZEITUN Масло против растяжек, 150 мл","67","29210","5","РеализацияКлиенту"
"Z4016","ZEITUN Алеппское оливково-лавровое мыло премиум ""Традиционное"" 200гр.","66","32010","2","РеализацияКлиенту"
"BTF0505","BEAUTIFIC CURL ME ON Гель-кастард для кудрявых и волнистых волос, 250мл","66","30745","6","РеализацияКлиенту"
"BTF0527","BEAUTIFIC Гель для душа с кислотами для проблемной кожи ACNE AWAY, 300 мл","63","25437","7","РеализацияКлиенту"
"BTF0458","BEAUTIFIC Стайлинг-пудра для объема кудрявых и волнистых волос CURL ME ON, 10 г","63","28926","4","РеализацияКлиенту"
"Z0364","ZEITUN Солнцезащитное сияющее масло для идеального загара SPF 15 для тела. Средняя защита. Sunguard shimmering tan body oil.","60","64685","1","РеализацияКлиенту"
"KN062","KÖNNER ДСИЗ: Паста без абразива для очистки кожи рук и тела ""KÖNNER GUT"", 200мл","60","5280","1","РеализацияКлиенту"
"ZN4035","ZEITUN Крем-масло для тела ""Восточные сладости"". Питательное, 200мл.","60","31767","7","РеализацияКлиенту"
"Z0362","ZEITUN Солнцезащитное ультра-увлажняющее молочко  для лица и тела SPF50. Максимальная защита. Sunguard ultra-moisturizing milk.","60","77627","1","РеализацияКлиенту"
"BTF0468","BEAUTIFIC Антиперспирант-уход осветление кожи, замедление роста волос SKIN BRIGHT, 50 мл","60","20705","1","РеализацияКлиенту"
"Z0363","ZEITUN Солнцезащитное  ухаживающее масло для идеального загара SPF 30 для тела. Высокая защита. Sunguard tan body oil.","60","67273","1","РеализацияКлиенту"
"Z1313","ZEITUN Гель для душа Зейтун ""Сандал и амбра"" с натуральными афродизиаками, 250мл.","59","22195","11","РеализацияКлиенту"
"Z2908","ZEITUN Wedding Day Face Cream, 100 мл","58","31996","6","РеализацияКлиенту"
"Z0447","ZEITUN Лосьон для рук и тела «Традиции Алеппо», 200 мл","58","23974","10","РеализацияКлиенту"
"Z6227","ZEITUN Эмульсия для лица легкая дневная увлажняющая MASDAR, 50 мл","57","13316","1","РеализацияКлиенту"
"Z2912","ZEITUN Ночной питательный крем Wedding Day, 100 мл","57","33115","5","РеализацияКлиенту"
"Z6202","ZEITUN Сыворотка с 24-каратным золотом Лифтинг-эссенция SAIDA для зрелой кожи, 30 мл","56","24934","3","РеализацияКлиенту"
"Z2924","ZEITUN Wedding Day Энзимная пудра, 60 г","55","24436","16","РеализацияКлиенту"
"ZM103","ZEITUN Бальзам-кондиционер для волос и бороды укрепляющий для мужчин.С имбирем и черным тмином,250мл","55","15368","6","РеализацияКлиенту"
"Z0434","ZEITUN Легкосмываемое масло для волос ""Глубокое восстановление"". С арганой и жожоба, 100мл.","54","18036","2","РеализацияКлиенту"
"ZM404","ZEITUN Лосьон после бритья успокаивающий бесспиртовой, 150 мл","54","18823","2","РеализацияКлиенту"
"Z1708","ZEITUN Дезодорант ""Цитрус"". Антиперспирант,150 мл","54","16162","5","РеализацияКлиенту"
"KM050","КУДРЯВЫЙ МЕТОД Бессульфатный шампунь для кудрявых волос, 475 мл","54","22076","3","РеализацияКлиенту"
"Z2201","ZEITUN Нежная пенка для подмывания, 250 мл","51","17777","7","РеализацияКлиенту"
"ZWEN003","ZEITUN Масло массажное ""Ритуал энергии"", 110мл.","51","23016","10","РеализацияКлиенту"
"ZWDE005","ZEITUN Крем для рук ""Ритуал наслаждения"", 50мл.","48","13347","19","РеализацияКлиенту"
"KM046","КУДРЯВЫЙ МЕТОД Отшелушивающая сыворотка для кожи головы, 150 мл","48","12042","3","РеализацияКлиенту"
"ZWRV013","ZEITUN Крем дневной антивозрастной ""Ритуал восстановления"", 50 мл.","47","12129","3","РеализацияКлиенту"
"ZWRV001","ZEITUN Масло для душа и ванны ""Ритуал восстановления"". Очищающее с аргановым маслом, 200мл.","47","23685","12","РеализацияКлиенту"
"ZM302","ZEITUN Дезодорант ""Шалфей"". Минеральный антиперспирант для мужчин. Ультра защита, 150мл.","46","14692","6","РеализацияКлиенту"
"KM076","КУДРЯВЫЙ МЕТОД KIDS Детский спрей для расчесывания волос, 150 мл","46","8695","5","РеализацияКлиенту"
"BTF0287","BEAUTIFIC Фиксатор для макияжа с SPF 15, 50 мл","45","10645","2","РеализацияКлиенту"
"ZWRV014","ZEITUN Крем-филлер ночной антивозрастной ""Ритуал восстановления"", 50 мл.","37","8868","3","РеализацияКлиенту"
"BTF0251","BEAUTIFIC Двухфазное солнцезащитное средство с spf 30 SUNTISFY, 150 мл","37","15392","5","РеализацияКлиенту"
"BTF0292","BEAUTIFIC Энзимная пудра для сияния кожи, 125 г","36","10554","3","РеализацияКлиенту"
"BTF0457","BEAUTIFIC Дефинирующий спрей 3в1 для кудрявых и волнистых волос CURL ME ON, 150 мл","36","13673","4","РеализацияКлиенту"
"Z2928","ZEITUN Wedding Day Крем для кожи вокруг глаз, 30 мл","36","16011","7","РеализацияКлиенту"
"Z6253","ZEITUN Гель для умывания MASDAR Сахарный увлажняющий с гиалуроновой кислотой, 200 мл","36","13633","1","РеализацияКлиенту"
"Z5216","ZEITUN Масло для тела выравнивающее против растяжек и пигментации, 100 мл","36","12359","4","РеализацияКлиенту"
"Z2922","ZEITUN Wedding Day Гель для умывания, 200 мл","36","12462","4","РеализацияКлиенту"
"Z6211","ZEITUN Масляный эликсир для лица витаминный LULU Для сияния тусклой кожи, 30мл.","36","21828","3","РеализацияКлиенту"
"BTF0456","BEAUTIFIC Несмываемый праймер для кудрявых и волнистых волос CURL ME ON, 150 мл","36","12063","3","РеализацияКлиенту"
"Z2926","ZEITUN Wedding Day Сыворотка для лица, 30 мл","35","13071","9","РеализацияКлиенту"
"BTF0528","BEAUTIFIC Увлажняющее молочко для тела для проблемной кожи ACNE AWAY, 300 мл","32","14571","4","РеализацияКлиенту"
"ZWRL001","ZEITUN Масло массажное ""Ритуал расслабления"", 110мл.","31","9787","4","РеализацияКлиенту"
"ZWSS009","ZEITUN Солнцезащитный спрей для лица и тела «Ритуал Солнца» SPF 30, 200 мл","31","14815","3","РеализацияКлиенту"
"KM078","КУДРЯВЫЙ МЕТОД Шампунь оттеночный ""АРКТИЧЕСКИЙ"", 300 мл","30","3819","1","РеализацияКлиенту"
"BTF0067","BEAUTIFIC TAN WATER Спрей-автозагар для лица и шеи, 100 мл","30","11772","4","РеализацияКлиенту"
"BTF0273","BEAUTIFIC Солнцезащитный спрей для лица и тела с SPF 30, 150 мл","30","8880","1","РеализацияКлиенту"
"KM063","КУДРЯВЫЙ МЕТОД Мягкий шампунь для детских волос KIDS, 300 мл","30","2790","1","РеализацияКлиенту"
"KM064","КУДРЯВЫЙ МЕТОД Кондиционер для детских волос KIDS, 300 мл","30","3600","1","РеализацияКлиенту"
"KM080","КУДРЯВЫЙ МЕТОД Бальзам оттеночный ""АРКТИЧЕСКИЙ"", 300 мл","30","4452","1","РеализацияКлиенту"
"Z4376","ZEITUN Масло против выпадения волос с маслом черного тмина, 100 мл","28","11355","3","РеализацияКлиенту"
"BTF0277","BEAUTIFIC Лосьон-автозагар для тела, 200 мл","28","8336","2","РеализацияКлиенту"
"BTF0291","BEAUTIFIC Энзимная пудра для сухой и чувствительной кожи, 125 г","28","7407","4","РеализацияКлиенту"
"BTF0065","BEAUTIFIC Res-Q Dust Энзимная пудра для жирной и комбинированной кожи","27","9033","3","РеализацияКлиенту"
"Z6251","ZEITUN Молочная пенка для умывания HUDU Нежная, для чувствительной кожи, 200 мл","27","8128","2","РеализацияКлиенту"
"BTF0275","BEAUTIFIC Солнцезащитный крем для лица c SPF 50, 30 мл","27","4941","1","РеализацияКлиенту"
"BTF0502","BEAUTIFIC CURL ME ON Несмываемая сыворотка-уход для кудрявых и волнистых волос, 150 мл","25","7922","4","РеализацияКлиенту"
"BTF0271","BEAUTIFIC Солнцезащитный крем для лица и тела с SPF 50, 150 мл","24","8760","1","РеализацияКлиенту"
"BTF0274","BEAUTIFIC Солнцезащитный спрей для лица и тела с SPF 15, 150 мл","24","6456","1","РеализацияКлиенту"
"Z6223","ZEITUN Крем для лица SAIDA дневной разглаживающий. Филлер для зрелой кожи с 24K золотом, 50мл.","24","17376","1","РеализацияКлиенту"
"","Услуги по комплектации","24","514082","3","РеализацияКлиенту"
"BTF0467","BEAUTIFIC Антиперспирант-бальзам восстановление для поврежденной, чувствительной кожи CALM PROTECT, 50 мл","20","6902","1","РеализацияКлиенту"
"KN179","KÖNNER ДСИЗ Спрей-репеллент от укусов кровососущих насекомых и клещей, 200 мл","20","2600","1","РеализацияКлиенту"
"Z0279","ZEITUN Омолаживающая сыворотка для лица Retinol Collection, 30 мл","19","12074","2","РеализацияКлиенту"
"STRD005","SkinProbiotic Пенка для умывания Skin Secret, кг","19","17556","1","ОтчетДавальцу2_5"
"ZWSS001","ZEITUN Молочко для тела солнцезащитное ""Ритуал Солнца"", 150 мл","18","10457","1","РеализацияКлиенту"
"BTF0276","BEAUTIFIC Молочко успокаивающее после загара с пантенолом, 200 мл","18","4428","1","РеализацияКлиенту"
"ZWRV105","ZEITUN Сухое масло для тела ""Ритуал восстановления"", 110 мл.","18","6278","2","РеализацияКлиенту"
"BTF0290","BEAUTIFIC Энзимная пудра для жирной, проблемной и комбинированной кожи, 125 г","18","5710","2","РеализацияКлиенту"
"BTF0384","BEAUTIFIC Масло для интенсивного загара SPF 5, 150 мл","18","4824","1","РеализацияКлиенту"
"Z0280","ZEITUN Омолаживающий ночной крем для лица Retinol Collection, 50 мл","18","15045","4","РеализацияКлиенту"
"ZWPR009","ZEITUN Масло массажное ""Ритуал совершенства"" с термо-эффектом, 110мл.","18","5783","2","РеализацияКлиенту"
"BTF0529","BEAUTIFIC Корректирующая сыворотка для тела для проблемной кожи ACNE AWAY, 100 мл","18","6738","2","РеализацияКлиенту"
"ZM602","ZEITUN Дезодорант ""Сандал и Бергамот"". Минеральный антиперспирант для мужчин, 150 мл","17","5111","3","РеализацияКлиенту"
"ZM700","ZEITUN Мужской дезодорант-стик «охлаждающий». С ароматом Sandal Wood, 50 мл","16","6896","1","РеализацияКлиенту"
"ZWCA009","ZEITUN Крем для рук ""Ритуал нежности"", 50 мл","14","3764","10","РеализацияКлиенту"
"Z0513","ZEITUN Шампунь для волос ""Магия черного тмина"", 250 мл","14","4473","4","РеализацияКлиенту"
"ZWRL002","ZEITUN Спрей ароматический ""Ритуал расслабления"", 110 мл","13","3980","5","РеализацияКлиенту"
"BTF0532","BEAUTIFIC Успокаивающий SOS-стик для сухой и чувствительной кожи ATOPIС AWAY, 10 г","12","5446","2","РеализацияКлиенту"
"Z2206","ZEITUN Нежный детский гель 3 в 1: для купания, очищений волос и тела, 250 мл","12","4183","2","РеализацияКлиенту"
"KN052","KÖNNER ДСИЗ: Защитный крем для кожи рук и лица гидрофобного действия ""KÖNNER AQUA"", 100мл","12","600","1","РеализацияКлиенту"
"ZM202","ZEITUN Гель для душа и шампунь 2 в 1 очищающий для мужчин, 250мл.","10","3222","2","РеализацияКлиенту"
"Z6220","ZEITUN Крем для лица насыщенный увлажняющий MASDAR для сильно обезвоженной кожи, 50 мл","10","8334","2","РеализацияКлиенту"
"Z1063","ZEITUN Маска для лица Relief moist, 75 мл","10","7230","2","РеализацияКлиенту"
"KN065_D","KÖNNER ДСИЗ Питательный, регенерирующий (восстанавливающий) крем для кожи рук и лица  ""KÖNNER MILD"", 100 мл","10","360","1","РеализацияКлиенту"
"ZN026","ZEITUN Набор Shining Peony Duet","9","8336","1","РеализацияКлиенту"
"Z4565","ZEITUN Набор Luxury Beauty Ritual для естественного омоложения кожи: гель, крем, бальзам","9","17487","1","РеализацияКлиенту"
"BTF0560","BEAUTIFIC BEAT MY AGE Омолаживающий дневной крем-флюид для лица, 30 мл","9","4027","1","РеализацияКлиенту"
"BTF0106","BEAUTIFIC Масло для тела Bootylicious. С эссенцией грейпфрута и зеленым кофе, 150мл","9","3405","1","РеализацияКлиенту"
"Z4567","ZEITUN Набор Luxury Beauty Ritual для глубокого увлажнения кожи: гель, эмульсия, крем","8","15544","1","РеализацияКлиенту"
"BTF0575","BEAUTIFIC Стик солнцезащитный с SPF 50 увлажняющий, 20 мл","8","6398","1","РеализацияКлиенту"
"BTF0530","BEAUTIFIC Липидовосстанавливающее масло для душа для сухой и чувствительной кожи ATOPIC AWAY, 300 мл","8","2480","1","РеализацияКлиенту"
"Z5546","ZEITUN Тревел-набор «Ритуал солнца» для идеального загара","8","6518","1","РеализацияКлиенту"
"Z1065","ZEITUN Маска для лица Gold truffle, 75 мл","8","5784","1","РеализацияКлиенту"
"Z6252","ZEITUN Гель для умывания LULU Энергетический для тусклой кожи с витамином С и мандарином, 200мл.","7","2651","7","РеализацияКлиенту"
"BTF0556","BEAUTIFIC BEAT MY AGE Омолаживающее гидрофильное масло для умывания, 150 мл","6","2366","1","РеализацияКлиенту"
"BTF0402","BEAUTIFIC Бальзам-кондиционер укрепляющий для мужчин AMPLIFIER, 250 мл","6","2095","1","РеализацияКлиенту"
"BTF0455","BEAUTIFIC Экспресс-кондиционер для кудрявых и волнистых волос CURL ME ON, 250 мл","6","1625","1","РеализацияКлиенту"
"Z0446","ZEITUN Гель для душа «Традиции Алеппо», 250 мл","3","332","2","РеализацияКлиенту"
"Z0442","ZEITUN Гель для душа «Загадочные сокровища Самарканда», 250 мл","3","332","2","РеализацияКлиенту"
"ZWIN003","ZEITUN Очищающее масло для ежедневной интимной гигиены, 200 мл","3","1035","1","РеализацияКлиенту"
"Z1074","ZEITUN Набор масок-саше Oriental Touch, 10 шт","3","1488","1","РеализацияКлиенту"
"BTF0562","BEAUTIFIC GLOW FOR REAL Энзимная пенка для умывания, 150 мл","3","615","3","РеализацияКлиенту"
"Z0174","ZEITUN Подарочный набор ""Идеальное восстановление"": шампунь и бальзам-кондиционер для волос","3","2440","1","РеализацияКлиенту"
"BTF0583","BEAUTIFIC Крем-воск Слово дна 100 мл","2","553","2","РеализацияКлиенту"
"BTF0407","BEAUTIFIC Средство для укладки волос TEXTURIZER. Паста для волос, 55мл.","1","384","1","РеализацияКлиенту"
"Z2043","ZEITUN Скраб для тела ""Огонь"" Горячий с индийским сандалом и чили, 250мл.","1","332","1","РеализацияКлиенту"
"Z0289","ZEITUN Сухое масло Limited Collection ""Gorgeous Peony"", 110 мл","1","367","1","РеализацияКлиенту"
"Z0440","ZEITUN Гель для душа «Сказочный закат Марокко», 250 мл","1","111","1","РеализацияКлиенту"
"BTF0506","BEAUTIFIC CURL ME ON Пенка средней фиксации, 150 мл","1","359","1","РеализацияКлиенту"
"Z0444","ZEITUN Гель для душа «Таинственные Ароматы Стамбула», 250 мл","1","249","1","РеализацияКлиенту"
"ZM102","ZEITUN Шампунь для волос балансирующий для мужчин. С шалфеем и розовым деревом. От перхоти, 250 мл","1","379","1","РеализацияКлиенту"
"Z5101","ZEITUN Масло Миндальное натуральное, 100мл.","1","317","1","РеализацияКлиенту"
"Z0710","ZEITUN PROFESSIONAL Спрей солевой текстурирующий для волос, 200 мл","1","362","1","РеализацияКлиенту"
"BTF0553","BEAUTIFIC ACNE AWAY Крем-маска для сужения пор, 75 мл","-21","-6426","2","ВозвратТоваровОтКлиентаПрошлыхПериодов; РеализацияКлиенту"
"ZWEN001","ZEITUN Шампунь для объема тонких волос ""Ритуал энергии"", 250мл.","-36","-10075","3","ВозвратТоваровОтКлиентаПрошлыхПериодов; РеализацияКлиенту"
"Z0288","ZEITUN Крем для рук Limited Collection ""Gorgeous Peony"", 110 мл","-66","-31845","3","ВозвратТоваровОтКлиентаПрошлыхПериодов"
"Z0286","ZEITUN Молочко для тела Limited Collection ""Gorgeous Peony"", 200 мл","-211","-108023","4","ВозвратТоваровОтКлиентаПрошлыхПериодов"
"Z3206","ZEITUN Косметическое масло №6 с лифтинг-эффектом, 100 мл","-223","-76935","2","ВозвратТоваровОтКлиентаПрошлыхПериодов"
